Coverage,outbreak_prob
0.993672819,0.046363636
0.945015101,0.054
0.899713087,0.06375
0.854411074,0.096666667
0.80910906,0.082857143
0.762129195,0.11
0.716827181,0.118
0.669847315,0.135
0.62286745,0.21333333300000001
0.577565436,0.286666667
0.53058557,0.27
0.486961409,0.285
0.443337248,0.31
0.398035235,0.346666667
0.352733221,0.35
0.307431208,0.433333333
0.262129195,0.446666667
0.218505034,0.53
0.174880872,0.495
0.129578859,0.53
0.08763255,0.56
0.042330537,0.575
0,0.63
